{
  "spec/controllers/groups_controller_spec.rb": 0.876680850982666,
  "spec/controllers/stafftools/group_assignments_controller_spec.rb": 0.1315770149230957,
  "spec/controllers/stafftools/assignment_invitations_controller_spec.rb": 0.11231303215026855,
  "spec/controllers/stafftools/repo_accesses_controller_spec.rb": 0.3721780776977539,
  "spec/lib/staff_constraint_spec.rb": 0.011638402938842773,
  "spec/models/roster_spec.rb": 0.049584150314331055,
  "spec/models/grouping_spec.rb": 0.028851032257080078,
  "spec/controllers/stafftools/organizations_controller_spec.rb": 0.400162935256958,
  "spec/integration/authentication_spec.rb": 0.7953228950500488,
  "spec/controllers/pages_controller_spec.rb": 0.015808582305908203,
  "spec/view_models/form_view_spec.rb": 0.14368200302124023,
  "spec/jobs/repository_event_job_spec.rb": 0.256397008895874,
  "spec/models/organization/creator_spec.rb": 0.2260117530822754,
  "spec/models/null_github_repository_spec.rb": 0.0011467933654785156,
  "spec/controllers/stafftools/assignments_controller_spec.rb": 0.10916948318481445,
  "spec/controllers/stafftools/users_controller_spec.rb": 0.16586613655090332,
  "spec/helpers/invitation_helper_spec.rb": 0.03234720230102539,
  "spec/jobs/deadline_job_spec.rb": 0.18868398666381836,
  "spec/lib/github/errors_spec.rb": 0.0003745555877685547,
  "spec/controllers/stafftools/assignment_repos_controller_spec.rb": 0.3941769599914551,
  "spec/controllers/stafftools/group_assignment_invitations_controller_spec.rb": 0.15075135231018066,
  "spec/lib/github/api_headers_spec.rb": 6.389617919921875e-05,
  "spec/controllers/group_assignment_repos_controller_spec.rb": 1.2221510410308838,
  "spec/models/organization_spec.rb": 0.20637965202331543,
  "spec/helpers/avatar_helper_spec.rb": 0.0001800060272216797,
  "spec/models/repo_access_spec.rb": 0.9160020351409912,
  "spec/controllers/assignment_invitations_controller_spec.rb": 1.5133206844329834,
  "spec/controllers/stafftools/resources_controller_spec.rb": 0.23819708824157715,
  "spec/models/assignment_spec.rb": 0.2269151210784912,
  "spec/controllers/groupings_controller_spec.rb": 0.4233264923095703,
  "spec/models/assignment_repo/creator_spec.rb": 1.5397090911865234,
  "spec/view_models/view_model_spec.rb": 0.0003604888916015625,
  "spec/controllers/autocomplete_controller_spec.rb": 0.04729294776916504,
  "spec/models/null_github_team_spec.rb": 0.0002276897430419922,
  "spec/controllers/videos_controller_spec.rb": 0.024898052215576172,
  "spec/lib/github/token_spec.rb": 0.021282196044921875,
  "spec/models/github_user_spec.rb": 0.1909198760986328,
  "spec/controllers/assignment_repos_controller_spec.rb": 0.17816424369812012,
  "spec/controllers/stafftools/group_assignment_repos_controller_spec.rb": 2.566706657409668,
  "spec/lib/collab_migration_spec.rb": 1.1235744953155518,
  "spec/models/deadline_spec.rb": 0.1320018768310547,
  "spec/models/user_spec.rb": 0.1574394702911377,
  "spec/jobs/ping_event_job_spec.rb": 0.023611783981323242,
  "spec/models/group_assignment_repo_spec.rb": 4.366614818572998,
  "spec/controllers/assignments_controller_spec.rb": 2.0886099338531494,
  "spec/controllers/organizations_controller_spec.rb": 2.3062238693237305,
  "spec/models/roster_entry_spec.rb": 0.024979829788208008,
  "spec/controllers/hooks_controller_spec.rb": 0.017576217651367188,
  "spec/models/group_assignment_invitation_spec.rb": 0.7177071571350098,
  "spec/models/assignment_invitation_spec.rb": 0.143845796585083,
  "spec/view_models/video/show_view_spec.rb": 0.0004410743713378906,
  "spec/models/group_assignment_spec.rb": 0.2959573268890381,
  "spec/models/null_github_user_spec.rb": 0.00038623809814453125,
  "spec/services/auth_hash_spec.rb": 0.0004024505615234375,
  "spec/controllers/group_assignment_invitations_controller_spec.rb": 6.583721399307251,
  "spec/models/github_team_spec.rb": 0.46612000465393066,
  "spec/jobs/last_active_job_spec.rb": 0.03740239143371582,
  "spec/controllers/stafftools/groupings_controller_spec.rb": 0.16072893142700195,
  "spec/models/group_spec.rb": 0.8340191841125488,
  "spec/controllers/stafftools/groups_controller_spec.rb": 0.49628782272338867,
  "spec/lib/github_classroom/scopes_spec.rb": 0.0003428459167480469,
  "spec/models/assignment_repo_spec.rb": 0.46695947647094727,
  "spec/models/github_repository_spec.rb": 1.778172254562378,
  "spec/models/null_github_organization_spec.rb": 0.00042319297790527344,
  "spec/lib/github/search_spec.rb": 0.201646089553833,
  "spec/models/github_organization_spec.rb": 0.8585896492004395,
  "spec/services/organization_default_repository_permission_migrator_spec.rb": 0.25392627716064453,
  "spec/controllers/group_assignments_controller_spec.rb": 1.9867808818817139,
  "spec/jobs/destroy_resource_job_spec.rb": 0.056741952896118164,
  "spec/models/null_github_resource_spec.rb": 8.20159912109375e-05
}