{
  "spec/models/deadline_spec.rb": 0.13613343238830566,
  "spec/models/github_organization_spec.rb": 0.7718284130096436,
  "spec/controllers/stafftools/organizations_controller_spec.rb": 0.7441375255584717,
  "spec/models/assignment_spec.rb": 0.22143220901489258,
  "spec/controllers/assignments_controller_spec.rb": 2.015965700149536,
  "spec/models/group_assignment_invitation_spec.rb": 0.6975109577178955,
  "spec/lib/github_classroom/scopes_spec.rb": 0.0003020763397216797,
  "spec/models/null_github_user_spec.rb": 0.00030612945556640625,
  "spec/services/auth_hash_spec.rb": 0.0003018379211425781,
  "spec/jobs/destroy_resource_job_spec.rb": 0.05927681922912598,
  "spec/controllers/stafftools/assignments_controller_spec.rb": 0.15538430213928223,
  "spec/jobs/ping_event_job_spec.rb": 0.02141404151916504,
  "spec/models/assignment_repo/creator_spec.rb": 1.6782159805297852,
  "spec/models/group_spec.rb": 0.7686033248901367,
  "spec/lib/staff_constraint_spec.rb": 0.0015273094177246094,
  "spec/models/null_github_repository_spec.rb": 0.00025272369384765625,
  "spec/jobs/deadline_job_spec.rb": 0.24077796936035156,
  "spec/controllers/stafftools/users_controller_spec.rb": 0.27570295333862305,
  "spec/jobs/repository_event_job_spec.rb": 0.4356868267059326,
  "spec/models/group_assignment_repo_spec.rb": 4.1962056159973145,
  "spec/models/grouping_spec.rb": 0.022960901260375977,
  "spec/controllers/groupings_controller_spec.rb": 0.44416308403015137,
  "spec/controllers/stafftools/groups_controller_spec.rb": 0.49001216888427734,
  "spec/controllers/organizations_controller_spec.rb": 2.4286816120147705,
  "spec/controllers/stafftools/repo_accesses_controller_spec.rb": 0.7808022499084473,
  "spec/controllers/assignment_repos_controller_spec.rb": 0.19019412994384766,
  "spec/controllers/stafftools/resources_controller_spec.rb": 0.27314043045043945,
  "spec/helpers/invitation_helper_spec.rb": 0.03546500205993652,
  "spec/lib/collab_migration_spec.rb": 1.334319829940796,
  "spec/jobs/last_active_job_spec.rb": 0.0339968204498291,
  "spec/models/github_user_spec.rb": 0.1838548183441162,
  "spec/models/assignment_invitation_spec.rb": 0.14084577560424805,
  "spec/models/organization_spec.rb": 0.2119598388671875,
  "spec/models/assignment_repo_spec.rb": 0.4630444049835205,
  "spec/view_models/view_model_spec.rb": 0.00038552284240722656,
  "spec/controllers/stafftools/groupings_controller_spec.rb": 0.14516305923461914,
  "spec/controllers/pages_controller_spec.rb": 0.01423025131225586,
  "spec/view_models/video/show_view_spec.rb": 0.00043892860412597656,
  "spec/models/roster_spec.rb": 0.031471967697143555,
  "spec/services/organization_default_repository_permission_migrator_spec.rb": 0.24800515174865723,
  "spec/models/null_github_resource_spec.rb": 8.392333984375e-05,
  "spec/lib/github/api_headers_spec.rb": 6.890296936035156e-05,
  "spec/controllers/stafftools/group_assignments_controller_spec.rb": 0.1673569679260254,
  "spec/controllers/autocomplete_controller_spec.rb": 0.04451107978820801,
  "spec/models/user_spec.rb": 0.1752622127532959,
  "spec/controllers/hooks_controller_spec.rb": 0.017635345458984375,
  "spec/helpers/avatar_helper_spec.rb": 0.00015401840209960938,
  "spec/lib/github/token_spec.rb": 0.018113136291503906,
  "spec/models/organization/creator_spec.rb": 0.5042054653167725,
  "spec/lib/github/search_spec.rb": 0.20296287536621094,
  "spec/models/repo_access_spec.rb": 0.9662699699401855,
  "spec/controllers/group_assignment_repos_controller_spec.rb": 1.3544249534606934,
  "spec/integration/authentication_spec.rb": 8.557335138320923,
  "spec/view_models/form_view_spec.rb": 0.15198850631713867,
  "spec/models/group_assignment_spec.rb": 0.23575091361999512,
  "spec/controllers/stafftools/assignment_repos_controller_spec.rb": 0.4023401737213135,
  "spec/controllers/videos_controller_spec.rb": 0.023431062698364258,
  "spec/models/null_github_team_spec.rb": 0.00029015541076660156,
  "spec/models/roster_entry_spec.rb": 0.01946878433227539,
  "spec/controllers/group_assignments_controller_spec.rb": 1.829394817352295,
  "spec/lib/github/errors_spec.rb": 0.0004448890686035156,
  "spec/controllers/stafftools/group_assignment_invitations_controller_spec.rb": 0.16776275634765625,
  "spec/controllers/groups_controller_spec.rb": 0.9655027389526367,
  "spec/models/github_team_spec.rb": 0.4869706630706787,
  "spec/controllers/assignment_invitations_controller_spec.rb": 1.5350098609924316,
  "spec/models/null_github_organization_spec.rb": 0.002353191375732422,
  "spec/controllers/stafftools/assignment_invitations_controller_spec.rb": 0.17705011367797852,
  "spec/controllers/group_assignment_invitations_controller_spec.rb": 6.183978080749512,
  "spec/controllers/stafftools/group_assignment_repos_controller_spec.rb": 2.817138671875,
  "spec/models/github_repository_spec.rb": 1.7434520721435547
}